{"cameraMode":{"drawMode":0,"name":"Shaded","section":"Shading Mode"},"sceneLighting":true,"audioPlay":false,"sceneViewState":{"m_AlwaysRefresh":false,"showFog":true,"showSkybox":true,"showFlares":true,"showImageEffects":true,"showParticleSystems":true,"showVisualEffectGraphs":true,"m_FxEnabled":true},"in2DMode":false,"pivot":{"x":4.637481212615967,"y":24.256839752197267,"z":20.629013061523439},"rotation":{"x":0.09435921162366867,"y":-0.016445325687527658,"z":0.0015506987692788244,"w":0.9954331517219544},"size":6.791144847869873,"orthographic":false}